{"cameraMode":{"drawMode":0,"name":"Shaded","section":"Shading Mode"},"sceneLighting":false,"audioPlay":false,"sceneViewState":{"m_AlwaysRefresh":false,"showFog":false,"showSkybox":false,"showFlares":false,"showImageEffects":false,"showParticleSystems":false,"showVisualEffectGraphs":false,"m_FxEnabled":true},"in2DMode":false,"pivot":{"x":2109.080078125,"y":-0.4000000059604645,"z":11.234582901000977},"rotation":{"x":0.005999937187880278,"y":-0.002999941585585475,"z":0.00001799986966943834,"w":0.9999775290489197},"size":0.5970009565353394,"orthographic":false}